<?xml version="1.0" encoding="utf-8"?>
<rss version="2.0">
   <channel>
	<title>IP Babble RSSS Test</title>
	<description>A Test RSS feed for WSDL discovery</description>
	<language>en</language>
	<copyright>Copyright 2006</copyright>
	<lastBuildDate>Thu, 05 Jan 2006 12:49:44 -0700</lastBuildDate>
	<generator>IPBabble</generator>
 	<docs>http://www.ipbabble.com</docs>
	<item>
		<title>Dummy RSS Item</title>
		<description>Just testing that this item gets skipped over correctly.</description>
		<link>http://www.ipbabble.com/test_rss/Dummy.wsdl</link>
		<guid>v1.0</guid>
		<category>Demo</category>
		<pubDate>Fri, 13 Jan 2006 21:39:00 -0700</pubDate>
	</item>
	<item>
		<title>Hello World</title>
		<description>RSSS Hello world app</description>
		<link>http://www.ipbabble.com/test_rss/hello_world.wsdl</link>
		<guid>v1.0</guid>
		<category>Demo</category>
		<pubDate>Thu, 05 Jan 2006 12:49:44 -0700</pubDate>
	</item>
	<item>
		<title>Book Search</title>
		<description>Searches for a book on Amazon</description>
		<link>http://www.ipbabble.com/test_rss/BookSearch.wsdl</link>
		<guid>v1.0</guid>
		<category>Demo</category>
		<pubDate>Thu, 13 Jan 2006 12:49:44 -0700</pubDate>
	</item>
   </channel>
</rss>	
